{
  "target": {
    "constraints": {
      "x_initial": [
        100, 0
      ]
    },
    "state_space": {
      "ss_A": [
        [ 0.99996916, -0.0078539 ],
        [ 0.0078539 ,  0.99996916]
      ],
      "ss_B": [
                [1,0],
                [0,1]
      ]
    },
    "noise_covariance": [
              [1,0],
              [0,1]
    ]
  }
}